Id;Año;Mes_Nombre;Mes Numérico;Migrantes Irregulares;Trujillo;Trojes;Danlí;CAMI Tegucigalpa;CAMI San Pedro Sula;CAMI Gracias a Dios;CAMI Choluteca;CAMI Danlí;Fuente
1;2014;Enero;1;988;48;NA;NA;420;NA;NA;85;NA;https://app.powerbi.com/view?r=eyJrIjoiOWI4ZDFmOGItYWQzMy00MWI1LTk3NWUtMmM5MTliZTgzMGM4IiwidCI6ImUxMWQ5NjIwLTRkM2UtNDEwYi05MTUyLWZkMWNmNmNmNzI5YSJ9
2;2014;Febrero;2;498;NA;NA;NA;498;NA;NA;NA;NA;https://app.powerbi.com/view?r=eyJrIjoiOWI4ZDFmOGItYWQzMy00MWI1LTk3NWUtMmM5MTliZTgzMGM4IiwidCI6ImUxMWQ5NjIwLTRkM2UtNDEwYi05MTUyLWZkMWNmNmNmNzI5YSJ9
3;2014;Marzo;3;440;NA;NA;NA;440;NA;NA;NA;NA;https://app.powerbi.com/view?r=eyJrIjoiOWI4ZDFmOGItYWQzMy00MWI1LTk3NWUtMmM5MTliZTgzMGM4IiwidCI6ImUxMWQ5NjIwLTRkM2UtNDEwYi05MTUyLWZkMWNmNmNmNzI5YSJ9
4;2014;Abril;4;368;NA;NA;NA;321;NA;NA;47;NA;https://app.powerbi.com/view?r=eyJrIjoiOWI4ZDFmOGItYWQzMy00MWI1LTk3NWUtMmM5MTliZTgzMGM4IiwidCI6ImUxMWQ5NjIwLTRkM2UtNDEwYi05MTUyLWZkMWNmNmNmNzI5YSJ9
5;2014;Mayo;5;452;NA;NA;NA;432;NA;NA;20;NA;https://app.powerbi.com/view?r=eyJrIjoiOWI4ZDFmOGItYWQzMy00MWI1LTk3NWUtMmM5MTliZTgzMGM4IiwidCI6ImUxMWQ5NjIwLTRkM2UtNDEwYi05MTUyLWZkMWNmNmNmNzI5YSJ9
6;2014;Junio;6;426;NA;NA;NA;425;NA;NA;1;NA;https://app.powerbi.com/view?r=eyJrIjoiOWI4ZDFmOGItYWQzMy00MWI1LTk3NWUtMmM5MTliZTgzMGM4IiwidCI6ImUxMWQ5NjIwLTRkM2UtNDEwYi05MTUyLWZkMWNmNmNmNzI5YSJ9
7;2014;Julio;7;501;NA;NA;NA;NA;NA;NA;501;NA;https://app.powerbi.com/view?r=eyJrIjoiOWI4ZDFmOGItYWQzMy00MWI1LTk3NWUtMmM5MTliZTgzMGM4IiwidCI6ImUxMWQ5NjIwLTRkM2UtNDEwYi05MTUyLWZkMWNmNmNmNzI5YSJ9
8;2014;Agosto;8;610;NA;NA;NA;NA;NA;NA;610;NA;https://app.powerbi.com/view?r=eyJrIjoiOWI4ZDFmOGItYWQzMy00MWI1LTk3NWUtMmM5MTliZTgzMGM4IiwidCI6ImUxMWQ5NjIwLTRkM2UtNDEwYi05MTUyLWZkMWNmNmNmNzI5YSJ9
9;2014;Septiembre;9;314;NA;NA;NA;NA;NA;NA;314;NA;https://app.powerbi.com/view?r=eyJrIjoiOWI4ZDFmOGItYWQzMy00MWI1LTk3NWUtMmM5MTliZTgzMGM4IiwidCI6ImUxMWQ5NjIwLTRkM2UtNDEwYi05MTUyLWZkMWNmNmNmNzI5YSJ9
10;2014;Octubre;10;525;NA;NA;NA;NA;NA;NA;525;NA;https://app.powerbi.com/view?r=eyJrIjoiOWI4ZDFmOGItYWQzMy00MWI1LTk3NWUtMmM5MTliZTgzMGM4IiwidCI6ImUxMWQ5NjIwLTRkM2UtNDEwYi05MTUyLWZkMWNmNmNmNzI5YSJ9
11;2014;Noviembre;11;428;NA;NA;NA;NA;NA;NA;428;NA;https://app.powerbi.com/view?r=eyJrIjoiOWI4ZDFmOGItYWQzMy00MWI1LTk3NWUtMmM5MTliZTgzMGM4IiwidCI6ImUxMWQ5NjIwLTRkM2UtNDEwYi05MTUyLWZkMWNmNmNmNzI5YSJ9
12;2014;Diciembre;12;443;NA;NA;NA;NA;NA;NA;443;NA;https://app.powerbi.com/view?r=eyJrIjoiOWI4ZDFmOGItYWQzMy00MWI1LTk3NWUtMmM5MTliZTgzMGM4IiwidCI6ImUxMWQ5NjIwLTRkM2UtNDEwYi05MTUyLWZkMWNmNmNmNzI5YSJ9
0;2015;Enero;1;1462;1433;NA;NA;5;NA;NA;24;NA;https://app.powerbi.com/view?r=eyJrIjoiOWI4ZDFmOGItYWQzMy00MWI1LTk3NWUtMmM5MTliZTgzMGM4IiwidCI6ImUxMWQ5NjIwLTRkM2UtNDEwYi05MTUyLWZkMWNmNmNmNzI5YSJ9
14;2015;Febrero;2;1462;1421;NA;NA;34;NA;NA;7;NA;https://app.powerbi.com/view?r=eyJrIjoiOWI4ZDFmOGItYWQzMy00MWI1LTk3NWUtMmM5MTliZTgzMGM4IiwidCI6ImUxMWQ5NjIwLTRkM2UtNDEwYi05MTUyLWZkMWNmNmNmNzI5YSJ9
15;2015;Marzo;3;1466;250;NA;NA;39;NA;NA;1427;NA;https://app.powerbi.com/view?r=eyJrIjoiOWI4ZDFmOGItYWQzMy00MWI1LTk3NWUtMmM5MTliZTgzMGM4IiwidCI6ImUxMWQ5NjIwLTRkM2UtNDEwYi05MTUyLWZkMWNmNmNmNzI5YSJ9
16;2015;Abril;4;1442;NA;NA;NA;43;NA;NA;1399;NA;https://app.powerbi.com/view?r=eyJrIjoiOWI4ZDFmOGItYWQzMy00MWI1LTk3NWUtMmM5MTliZTgzMGM4IiwidCI6ImUxMWQ5NjIwLTRkM2UtNDEwYi05MTUyLWZkMWNmNmNmNzI5YSJ9
17;2015;Mayo;5;1369;NA;NA;NA;26;NA;NA;1343;NA;https://app.powerbi.com/view?r=eyJrIjoiOWI4ZDFmOGItYWQzMy00MWI1LTk3NWUtMmM5MTliZTgzMGM4IiwidCI6ImUxMWQ5NjIwLTRkM2UtNDEwYi05MTUyLWZkMWNmNmNmNzI5YSJ9
18;2015;Junio;6;1948;NA;NA;NA;48;NA;NA;1900;NA;https://app.powerbi.com/view?r=eyJrIjoiOWI4ZDFmOGItYWQzMy00MWI1LTk3NWUtMmM5MTliZTgzMGM4IiwidCI6ImUxMWQ5NjIwLTRkM2UtNDEwYi05MTUyLWZkMWNmNmNmNzI5YSJ9
19;2015;Julio;7;2181;NA;NA;NA;545;NA;NA;1636;NA;https://app.powerbi.com/view?r=eyJrIjoiOWI4ZDFmOGItYWQzMy00MWI1LTk3NWUtMmM5MTliZTgzMGM4IiwidCI6ImUxMWQ5NjIwLTRkM2UtNDEwYi05MTUyLWZkMWNmNmNmNzI5YSJ9
20;2015;Agosto;8;2289;NA;NA;NA;1789;NA;NA;250;NA;https://app.powerbi.com/view?r=eyJrIjoiOWI4ZDFmOGItYWQzMy00MWI1LTk3NWUtMmM5MTliZTgzMGM4IiwidCI6ImUxMWQ5NjIwLTRkM2UtNDEwYi05MTUyLWZkMWNmNmNmNzI5YSJ9
21;2015;Septiembre;9;1674;NA;NA;NA;1666;NA;NA;8;NA;https://app.powerbi.com/view?r=eyJrIjoiOWI4ZDFmOGItYWQzMy00MWI1LTk3NWUtMmM5MTliZTgzMGM4IiwidCI6ImUxMWQ5NjIwLTRkM2UtNDEwYi05MTUyLWZkMWNmNmNmNzI5YSJ9
22;2015;Octubre;10;2515;NA;NA;NA;2335;NA;NA;180;NA;https://app.powerbi.com/view?r=eyJrIjoiOWI4ZDFmOGItYWQzMy00MWI1LTk3NWUtMmM5MTliZTgzMGM4IiwidCI6ImUxMWQ5NjIwLTRkM2UtNDEwYi05MTUyLWZkMWNmNmNmNzI5YSJ9
23;2015;Noviembre;11;1689;NA;NA;NA;1556;NA;NA;133;NA;https://app.powerbi.com/view?r=eyJrIjoiOWI4ZDFmOGItYWQzMy00MWI1LTk3NWUtMmM5MTliZTgzMGM4IiwidCI6ImUxMWQ5NjIwLTRkM2UtNDEwYi05MTUyLWZkMWNmNmNmNzI5YSJ9
24;2015;Diciembre;12;1625;NA;NA;NA;1599;NA;NA;26;NA;https://app.powerbi.com/view?r=eyJrIjoiOWI4ZDFmOGItYWQzMy00MWI1LTk3NWUtMmM5MTliZTgzMGM4IiwidCI6ImUxMWQ5NjIwLTRkM2UtNDEwYi05MTUyLWZkMWNmNmNmNzI5YSJ9
25;2016;Enero;1;2060;NA;NA;NA;583;NA;61;861;NA;https://app.powerbi.com/view?r=eyJrIjoiOWI4ZDFmOGItYWQzMy00MWI1LTk3NWUtMmM5MTliZTgzMGM4IiwidCI6ImUxMWQ5NjIwLTRkM2UtNDEwYi05MTUyLWZkMWNmNmNmNzI5YSJ9
26;2016;Febrero;2;519;NA;NA;NA;295;NA;NA;224;NA;https://app.powerbi.com/view?r=eyJrIjoiOWI4ZDFmOGItYWQzMy00MWI1LTk3NWUtMmM5MTliZTgzMGM4IiwidCI6ImUxMWQ5NjIwLTRkM2UtNDEwYi05MTUyLWZkMWNmNmNmNzI5YSJ9
27;2016;Marzo;3;468;NA;NA;NA;246;NA;1;222;NA;https://app.powerbi.com/view?r=eyJrIjoiOWI4ZDFmOGItYWQzMy00MWI1LTk3NWUtMmM5MTliZTgzMGM4IiwidCI6ImUxMWQ5NjIwLTRkM2UtNDEwYi05MTUyLWZkMWNmNmNmNzI5YSJ9
28;2016;Abril;4;2981;NA;NA;NA;490;NA;NA;2491;NA;https://app.powerbi.com/view?r=eyJrIjoiOWI4ZDFmOGItYWQzMy00MWI1LTk3NWUtMmM5MTliZTgzMGM4IiwidCI6ImUxMWQ5NjIwLTRkM2UtNDEwYi05MTUyLWZkMWNmNmNmNzI5YSJ9
29;2016;Mayo;5;1254;NA;NA;NA;764;NA;NA;490;NA;https://app.powerbi.com/view?r=eyJrIjoiOWI4ZDFmOGItYWQzMy00MWI1LTk3NWUtMmM5MTliZTgzMGM4IiwidCI6ImUxMWQ5NjIwLTRkM2UtNDEwYi05MTUyLWZkMWNmNmNmNzI5YSJ9
30;2016;Junio;6;1029;NA;NA;NA;215;NA;NA;814;NA;https://app.powerbi.com/view?r=eyJrIjoiOWI4ZDFmOGItYWQzMy00MWI1LTk3NWUtMmM5MTliZTgzMGM4IiwidCI6ImUxMWQ5NjIwLTRkM2UtNDEwYi05MTUyLWZkMWNmNmNmNzI5YSJ9
31;2016;Julio;7;1732;NA;NA;NA;658;NA;NA;1074;NA;https://app.powerbi.com/view?r=eyJrIjoiOWI4ZDFmOGItYWQzMy00MWI1LTk3NWUtMmM5MTliZTgzMGM4IiwidCI6ImUxMWQ5NjIwLTRkM2UtNDEwYi05MTUyLWZkMWNmNmNmNzI5YSJ9
32;2016;Agosto;8;3115;NA;NA;NA;1137;NA;NA;1978;NA;https://app.powerbi.com/view?r=eyJrIjoiOWI4ZDFmOGItYWQzMy00MWI1LTk3NWUtMmM5MTliZTgzMGM4IiwidCI6ImUxMWQ5NjIwLTRkM2UtNDEwYi05MTUyLWZkMWNmNmNmNzI5YSJ9
33;2016;Septiembre;9;4396;NA;NA;NA;2009;NA;NA;2387;NA;https://app.powerbi.com/view?r=eyJrIjoiOWI4ZDFmOGItYWQzMy00MWI1LTk3NWUtMmM5MTliZTgzMGM4IiwidCI6ImUxMWQ5NjIwLTRkM2UtNDEwYi05MTUyLWZkMWNmNmNmNzI5YSJ9
34;2016;Octubre;10;2801;NA;NA;NA;1230;NA;NA;1571;NA;https://app.powerbi.com/view?r=eyJrIjoiOWI4ZDFmOGItYWQzMy00MWI1LTk3NWUtMmM5MTliZTgzMGM4IiwidCI6ImUxMWQ5NjIwLTRkM2UtNDEwYi05MTUyLWZkMWNmNmNmNzI5YSJ9
35;2016;Noviembre;11;3188;NA;NA;NA;1208;NA;NA;1980;NA;https://app.powerbi.com/view?r=eyJrIjoiOWI4ZDFmOGItYWQzMy00MWI1LTk3NWUtMmM5MTliZTgzMGM4IiwidCI6ImUxMWQ5NjIwLTRkM2UtNDEwYi05MTUyLWZkMWNmNmNmNzI5YSJ9
36;2016;Diciembre;12;4319;NA;NA;NA;2014;NA;NA;2305;NA;https://app.powerbi.com/view?r=eyJrIjoiOWI4ZDFmOGItYWQzMy00MWI1LTk3NWUtMmM5MTliZTgzMGM4IiwidCI6ImUxMWQ5NjIwLTRkM2UtNDEwYi05MTUyLWZkMWNmNmNmNzI5YSJ9
37;2017;Enero;1;1818;NA;NA;NA;488;NA;NA;1330;NA;https://app.powerbi.com/view?r=eyJrIjoiOWI4ZDFmOGItYWQzMy00MWI1LTk3NWUtMmM5MTliZTgzMGM4IiwidCI6ImUxMWQ5NjIwLTRkM2UtNDEwYi05MTUyLWZkMWNmNmNmNzI5YSJ9
38;2017;Febrero;2;326;NA;NA;NA;93;NA;NA;269;NA;https://app.powerbi.com/view?r=eyJrIjoiOWI4ZDFmOGItYWQzMy00MWI1LTk3NWUtMmM5MTliZTgzMGM4IiwidCI6ImUxMWQ5NjIwLTRkM2UtNDEwYi05MTUyLWZkMWNmNmNmNzI5YSJ9
39;2017;Marzo;3;212;NA;NA;NA;44;NA;NA;168;NA;https://app.powerbi.com/view?r=eyJrIjoiOWI4ZDFmOGItYWQzMy00MWI1LTk3NWUtMmM5MTliZTgzMGM4IiwidCI6ImUxMWQ5NjIwLTRkM2UtNDEwYi05MTUyLWZkMWNmNmNmNzI5YSJ9
40;2017;Abril;4;161;NA;NA;NA;53;NA;NA;108;NA;https://app.powerbi.com/view?r=eyJrIjoiOWI4ZDFmOGItYWQzMy00MWI1LTk3NWUtMmM5MTliZTgzMGM4IiwidCI6ImUxMWQ5NjIwLTRkM2UtNDEwYi05MTUyLWZkMWNmNmNmNzI5YSJ9
41;2017;Mayo;5;219;NA;NA;NA;54;NA;NA;165;NA;https://app.powerbi.com/view?r=eyJrIjoiOWI4ZDFmOGItYWQzMy00MWI1LTk3NWUtMmM5MTliZTgzMGM4IiwidCI6ImUxMWQ5NjIwLTRkM2UtNDEwYi05MTUyLWZkMWNmNmNmNzI5YSJ9
42;2017;Junio;6;179;NA;NA;NA;38;20;NA;121;NA;https://app.powerbi.com/view?r=eyJrIjoiOWI4ZDFmOGItYWQzMy00MWI1LTk3NWUtMmM5MTliZTgzMGM4IiwidCI6ImUxMWQ5NjIwLTRkM2UtNDEwYi05MTUyLWZkMWNmNmNmNzI5YSJ9
43;2017;Julio;7;194;NA;NA;NA;92;17;NA;85;NA;https://app.powerbi.com/view?r=eyJrIjoiOWI4ZDFmOGItYWQzMy00MWI1LTk3NWUtMmM5MTliZTgzMGM4IiwidCI6ImUxMWQ5NjIwLTRkM2UtNDEwYi05MTUyLWZkMWNmNmNmNzI5YSJ9
44;2017;Agosto;8;223;NA;NA;NA;58;3;NA;162;NA;https://app.powerbi.com/view?r=eyJrIjoiOWI4ZDFmOGItYWQzMy00MWI1LTk3NWUtMmM5MTliZTgzMGM4IiwidCI6ImUxMWQ5NjIwLTRkM2UtNDEwYi05MTUyLWZkMWNmNmNmNzI5YSJ9
45;2017;Septiembre;9;331;NA;NA;NA;99;51;NA;181;NA;https://app.powerbi.com/view?r=eyJrIjoiOWI4ZDFmOGItYWQzMy00MWI1LTk3NWUtMmM5MTliZTgzMGM4IiwidCI6ImUxMWQ5NjIwLTRkM2UtNDEwYi05MTUyLWZkMWNmNmNmNzI5YSJ9
46;2017;Octubre;10;285;NA;NA;NA;88;26;NA;171;NA;https://app.powerbi.com/view?r=eyJrIjoiOWI4ZDFmOGItYWQzMy00MWI1LTk3NWUtMmM5MTliZTgzMGM4IiwidCI6ImUxMWQ5NjIwLTRkM2UtNDEwYi05MTUyLWZkMWNmNmNmNzI5YSJ9
47;2017;Noviembre;11;398;NA;NA;NA;95;40;NA;263;NA;https://app.powerbi.com/view?r=eyJrIjoiOWI4ZDFmOGItYWQzMy00MWI1LTk3NWUtMmM5MTliZTgzMGM4IiwidCI6ImUxMWQ5NjIwLTRkM2UtNDEwYi05MTUyLWZkMWNmNmNmNzI5YSJ9
48;2017;Diciembre;12;204;NA;NA;NA;57;NA;NA;147;NA;https://app.powerbi.com/view?r=eyJrIjoiOWI4ZDFmOGItYWQzMy00MWI1LTk3NWUtMmM5MTliZTgzMGM4IiwidCI6ImUxMWQ5NjIwLTRkM2UtNDEwYi05MTUyLWZkMWNmNmNmNzI5YSJ9
49;2018;Enero;1;579;NA;NA;NA;34;15;NA;530;NA;https://app.powerbi.com/view?r=eyJrIjoiOWI4ZDFmOGItYWQzMy00MWI1LTk3NWUtMmM5MTliZTgzMGM4IiwidCI6ImUxMWQ5NjIwLTRkM2UtNDEwYi05MTUyLWZkMWNmNmNmNzI5YSJ9
50;2018;Febrero;2;215;NA;NA;NA;34;26;NA;165;NA;https://app.powerbi.com/view?r=eyJrIjoiOWI4ZDFmOGItYWQzMy00MWI1LTk3NWUtMmM5MTliZTgzMGM4IiwidCI6ImUxMWQ5NjIwLTRkM2UtNDEwYi05MTUyLWZkMWNmNmNmNzI5YSJ9
51;2018;Marzo;3;363;NA;NA;NA;95;45;NA;223;NA;https://app.powerbi.com/view?r=eyJrIjoiOWI4ZDFmOGItYWQzMy00MWI1LTk3NWUtMmM5MTliZTgzMGM4IiwidCI6ImUxMWQ5NjIwLTRkM2UtNDEwYi05MTUyLWZkMWNmNmNmNzI5YSJ9
52;2018;Abril;4;260;NA;NA;NA;42;6;NA;212;NA;https://app.powerbi.com/view?r=eyJrIjoiOWI4ZDFmOGItYWQzMy00MWI1LTk3NWUtMmM5MTliZTgzMGM4IiwidCI6ImUxMWQ5NjIwLTRkM2UtNDEwYi05MTUyLWZkMWNmNmNmNzI5YSJ9
53;2018;Mayo;5;490;NA;NA;NA;107;13;NA;370;NA;https://app.powerbi.com/view?r=eyJrIjoiOWI4ZDFmOGItYWQzMy00MWI1LTk3NWUtMmM5MTliZTgzMGM4IiwidCI6ImUxMWQ5NjIwLTRkM2UtNDEwYi05MTUyLWZkMWNmNmNmNzI5YSJ9
54;2018;Junio;6;459;NA;NA;NA;141;33;NA;285;NA;https://app.powerbi.com/view?r=eyJrIjoiOWI4ZDFmOGItYWQzMy00MWI1LTk3NWUtMmM5MTliZTgzMGM4IiwidCI6ImUxMWQ5NjIwLTRkM2UtNDEwYi05MTUyLWZkMWNmNmNmNzI5YSJ9
55;2018;Julio;7;486;NA;NA;NA;123;52;NA;311;NA;https://app.powerbi.com/view?r=eyJrIjoiOWI4ZDFmOGItYWQzMy00MWI1LTk3NWUtMmM5MTliZTgzMGM4IiwidCI6ImUxMWQ5NjIwLTRkM2UtNDEwYi05MTUyLWZkMWNmNmNmNzI5YSJ9
56;2018;Agosto;8;537;NA;NA;NA;182;28;NA;327;NA;https://app.powerbi.com/view?r=eyJrIjoiOWI4ZDFmOGItYWQzMy00MWI1LTk3NWUtMmM5MTliZTgzMGM4IiwidCI6ImUxMWQ5NjIwLTRkM2UtNDEwYi05MTUyLWZkMWNmNmNmNzI5YSJ9
57;2018;Septiembre;9;529;NA;NA;NA;342;21;NA;166;NA;https://app.powerbi.com/view?r=eyJrIjoiOWI4ZDFmOGItYWQzMy00MWI1LTk3NWUtMmM5MTliZTgzMGM4IiwidCI6ImUxMWQ5NjIwLTRkM2UtNDEwYi05MTUyLWZkMWNmNmNmNzI5YSJ9
58;2018;Octubre;10;671;NA;NA;NA;204;21;NA;446;NA;https://app.powerbi.com/view?r=eyJrIjoiOWI4ZDFmOGItYWQzMy00MWI1LTk3NWUtMmM5MTliZTgzMGM4IiwidCI6ImUxMWQ5NjIwLTRkM2UtNDEwYi05MTUyLWZkMWNmNmNmNzI5YSJ9
59;2018;Noviembre;11;838;NA;NA;NA;225;31;NA;582;NA;https://app.powerbi.com/view?r=eyJrIjoiOWI4ZDFmOGItYWQzMy00MWI1LTk3NWUtMmM5MTliZTgzMGM4IiwidCI6ImUxMWQ5NjIwLTRkM2UtNDEwYi05MTUyLWZkMWNmNmNmNzI5YSJ9
60;2018;Diciembre;12;946;NA;NA;NA;348;21;NA;577;NA;https://app.powerbi.com/view?r=eyJrIjoiOWI4ZDFmOGItYWQzMy00MWI1LTk3NWUtMmM5MTliZTgzMGM4IiwidCI6ImUxMWQ5NjIwLTRkM2UtNDEwYi05MTUyLWZkMWNmNmNmNzI5YSJ9
61;2019;Enero;1;1526;NA;NA;NA;370;12;NA;1144;NA;https://app.powerbi.com/view?r=eyJrIjoiOWI4ZDFmOGItYWQzMy00MWI1LTk3NWUtMmM5MTliZTgzMGM4IiwidCI6ImUxMWQ5NjIwLTRkM2UtNDEwYi05MTUyLWZkMWNmNmNmNzI5YSJ9
62;2019;Febrero;2;2658;NA;NA;NA;1320;9;NA;1330;NA;https://app.powerbi.com/view?r=eyJrIjoiOWI4ZDFmOGItYWQzMy00MWI1LTk3NWUtMmM5MTliZTgzMGM4IiwidCI6ImUxMWQ5NjIwLTRkM2UtNDEwYi05MTUyLWZkMWNmNmNmNzI5YSJ9
63;2019;Marzo;3;4437;NA;NA;NA;537;35;NA;3865;NA;https://app.powerbi.com/view?r=eyJrIjoiOWI4ZDFmOGItYWQzMy00MWI1LTk3NWUtMmM5MTliZTgzMGM4IiwidCI6ImUxMWQ5NjIwLTRkM2UtNDEwYi05MTUyLWZkMWNmNmNmNzI5YSJ9
64;2019;Abril;4;4861;NA;NA;NA;436;40;NA;4385;NA;https://app.powerbi.com/view?r=eyJrIjoiOWI4ZDFmOGItYWQzMy00MWI1LTk3NWUtMmM5MTliZTgzMGM4IiwidCI6ImUxMWQ5NjIwLTRkM2UtNDEwYi05MTUyLWZkMWNmNmNmNzI5YSJ9
65;2019;Mayo;5;6006;NA;NA;NA;539;109;NA;5358;NA;https://app.powerbi.com/view?r=eyJrIjoiOWI4ZDFmOGItYWQzMy00MWI1LTk3NWUtMmM5MTliZTgzMGM4IiwidCI6ImUxMWQ5NjIwLTRkM2UtNDEwYi05MTUyLWZkMWNmNmNmNzI5YSJ9
66;2019;Junio;6;4417;NA;5;NA;553;16;NA;3843;NA;https://app.powerbi.com/view?r=eyJrIjoiOWI4ZDFmOGItYWQzMy00MWI1LTk3NWUtMmM5MTliZTgzMGM4IiwidCI6ImUxMWQ5NjIwLTRkM2UtNDEwYi05MTUyLWZkMWNmNmNmNzI5YSJ9
67;2019;Julio;7;2825;NA;NA;NA;473;43;NA;2309;NA;https://app.powerbi.com/view?r=eyJrIjoiOWI4ZDFmOGItYWQzMy00MWI1LTk3NWUtMmM5MTliZTgzMGM4IiwidCI6ImUxMWQ5NjIwLTRkM2UtNDEwYi05MTUyLWZkMWNmNmNmNzI5YSJ9
68;2019;Agosto;8;1906;NA;5;NA;346;NA;NA;1555;NA;https://app.powerbi.com/view?r=eyJrIjoiOWI4ZDFmOGItYWQzMy00MWI1LTk3NWUtMmM5MTliZTgzMGM4IiwidCI6ImUxMWQ5NjIwLTRkM2UtNDEwYi05MTUyLWZkMWNmNmNmNzI5YSJ9
69;2019;Septiembre;9;1839;NA;NA;NA;406;41;NA;1392;NA;https://app.powerbi.com/view?r=eyJrIjoiOWI4ZDFmOGItYWQzMy00MWI1LTk3NWUtMmM5MTliZTgzMGM4IiwidCI6ImUxMWQ5NjIwLTRkM2UtNDEwYi05MTUyLWZkMWNmNmNmNzI5YSJ9
70;2019;Octubre;10;1085;NA;NA;NA;216;4;NA;865;NA;https://app.powerbi.com/view?r=eyJrIjoiOWI4ZDFmOGItYWQzMy00MWI1LTk3NWUtMmM5MTliZTgzMGM4IiwidCI6ImUxMWQ5NjIwLTRkM2UtNDEwYi05MTUyLWZkMWNmNmNmNzI5YSJ9
71;2019;Noviembre;11;1404;NA;NA;NA;29;6;NA;1369;NA;https://app.powerbi.com/view?r=eyJrIjoiOWI4ZDFmOGItYWQzMy00MWI1LTk3NWUtMmM5MTliZTgzMGM4IiwidCI6ImUxMWQ5NjIwLTRkM2UtNDEwYi05MTUyLWZkMWNmNmNmNzI5YSJ9
72;2019;Diciembre;12;1241;NA;NA;NA;146;NA;NA;1095;NA;https://app.powerbi.com/view?r=eyJrIjoiOWI4ZDFmOGItYWQzMy00MWI1LTk3NWUtMmM5MTliZTgzMGM4IiwidCI6ImUxMWQ5NjIwLTRkM2UtNDEwYi05MTUyLWZkMWNmNmNmNzI5YSJ9
73;2020;Enero;1;1561;NA;NA;NA;19;10;NA;1532;NA;https://app.powerbi.com/view?r=eyJrIjoiOWI4ZDFmOGItYWQzMy00MWI1LTk3NWUtMmM5MTliZTgzMGM4IiwidCI6ImUxMWQ5NjIwLTRkM2UtNDEwYi05MTUyLWZkMWNmNmNmNzI5YSJ9
74;2020;Febrero;2;2264;NA;4;NA;5;7;NA;2248;NA;https://app.powerbi.com/view?r=eyJrIjoiOWI4ZDFmOGItYWQzMy00MWI1LTk3NWUtMmM5MTliZTgzMGM4IiwidCI6ImUxMWQ5NjIwLTRkM2UtNDEwYi05MTUyLWZkMWNmNmNmNzI5YSJ9
75;2020;Marzo;3;1093;NA;NA;NA;2;10;NA;1081;NA;https://app.powerbi.com/view?r=eyJrIjoiOWI4ZDFmOGItYWQzMy00MWI1LTk3NWUtMmM5MTliZTgzMGM4IiwidCI6ImUxMWQ5NjIwLTRkM2UtNDEwYi05MTUyLWZkMWNmNmNmNzI5YSJ9
76;2020;Abril;4;0;NA;NA;NA;NA;NA;NA;NA;NA;https://app.powerbi.com/view?r=eyJrIjoiOWI4ZDFmOGItYWQzMy00MWI1LTk3NWUtMmM5MTliZTgzMGM4IiwidCI6ImUxMWQ5NjIwLTRkM2UtNDEwYi05MTUyLWZkMWNmNmNmNzI5YSJ9
77;2020;Mayo;5;0;NA;NA;NA;NA;NA;NA;NA;NA;https://app.powerbi.com/view?r=eyJrIjoiOWI4ZDFmOGItYWQzMy00MWI1LTk3NWUtMmM5MTliZTgzMGM4IiwidCI6ImUxMWQ5NjIwLTRkM2UtNDEwYi05MTUyLWZkMWNmNmNmNzI5YSJ9
78;2020;Junio;6;234;NA;NA;NA;14;13;NA;147;NA;https://app.powerbi.com/view?r=eyJrIjoiOWI4ZDFmOGItYWQzMy00MWI1LTk3NWUtMmM5MTliZTgzMGM4IiwidCI6ImUxMWQ5NjIwLTRkM2UtNDEwYi05MTUyLWZkMWNmNmNmNzI5YSJ9
79;2020;Julio;7;13;NA;NA;NA;NA;8;NA;5;NA;https://app.powerbi.com/view?r=eyJrIjoiOWI4ZDFmOGItYWQzMy00MWI1LTk3NWUtMmM5MTliZTgzMGM4IiwidCI6ImUxMWQ5NjIwLTRkM2UtNDEwYi05MTUyLWZkMWNmNmNmNzI5YSJ9
80;2020;Agosto;8;140;NA;NA;NA;1;NA;NA;139;NA;https://app.powerbi.com/view?r=eyJrIjoiOWI4ZDFmOGItYWQzMy00MWI1LTk3NWUtMmM5MTliZTgzMGM4IiwidCI6ImUxMWQ5NjIwLTRkM2UtNDEwYi05MTUyLWZkMWNmNmNmNzI5YSJ9
81;2020;Septiembre;9;508;NA;3;NA;7;NA;NA;498;NA;https://app.powerbi.com/view?r=eyJrIjoiOWI4ZDFmOGItYWQzMy00MWI1LTk3NWUtMmM5MTliZTgzMGM4IiwidCI6ImUxMWQ5NjIwLTRkM2UtNDEwYi05MTUyLWZkMWNmNmNmNzI5YSJ9
82;2020;Octubre;10;820;NA;9;NA;8;NA;NA;803;NA;https://app.powerbi.com/view?r=eyJrIjoiOWI4ZDFmOGItYWQzMy00MWI1LTk3NWUtMmM5MTliZTgzMGM4IiwidCI6ImUxMWQ5NjIwLTRkM2UtNDEwYi05MTUyLWZkMWNmNmNmNzI5YSJ9
83;2020;Noviembre;11;572;NA;48;NA;6;NA;NA;518;NA;https://app.powerbi.com/view?r=eyJrIjoiOWI4ZDFmOGItYWQzMy00MWI1LTk3NWUtMmM5MTliZTgzMGM4IiwidCI6ImUxMWQ5NjIwLTRkM2UtNDEwYi05MTUyLWZkMWNmNmNmNzI5YSJ9
84;2020;Diciembre;12;949;NA;38;NA;19;NA;NA;892;NA;https://app.powerbi.com/view?r=eyJrIjoiOWI4ZDFmOGItYWQzMy00MWI1LTk3NWUtMmM5MTliZTgzMGM4IiwidCI6ImUxMWQ5NjIwLTRkM2UtNDEwYi05MTUyLWZkMWNmNmNmNzI5YSJ9
85;2021;Enero;1;1009;NA;94;NA;2;NA;NA;913;NA;https://app.powerbi.com/view?r=eyJrIjoiOWI4ZDFmOGItYWQzMy00MWI1LTk3NWUtMmM5MTliZTgzMGM4IiwidCI6ImUxMWQ5NjIwLTRkM2UtNDEwYi05MTUyLWZkMWNmNmNmNzI5YSJ9
86;2021;Febrero;2;1275;NA;400;5;2;NA;NA;868;NA;https://app.powerbi.com/view?r=eyJrIjoiOWI4ZDFmOGItYWQzMy00MWI1LTk3NWUtMmM5MTliZTgzMGM4IiwidCI6ImUxMWQ5NjIwLTRkM2UtNDEwYi05MTUyLWZkMWNmNmNmNzI5YSJ9
87;2021;Marzo;3;1623;NA;705;13;66;NA;NA;839;NA;https://app.powerbi.com/view?r=eyJrIjoiOWI4ZDFmOGItYWQzMy00MWI1LTk3NWUtMmM5MTliZTgzMGM4IiwidCI6ImUxMWQ5NjIwLTRkM2UtNDEwYi05MTUyLWZkMWNmNmNmNzI5YSJ9
88;2021;Abril;4;1329;NA;426;29;46;NA;NA;828;NA;https://app.powerbi.com/view?r=eyJrIjoiOWI4ZDFmOGItYWQzMy00MWI1LTk3NWUtMmM5MTliZTgzMGM4IiwidCI6ImUxMWQ5NjIwLTRkM2UtNDEwYi05MTUyLWZkMWNmNmNmNzI5YSJ9
89;2021;Mayo;5;895;NA;11;NA;31;3;NA;850;NA;https://app.powerbi.com/view?r=eyJrIjoiOWI4ZDFmOGItYWQzMy00MWI1LTk3NWUtMmM5MTliZTgzMGM4IiwidCI6ImUxMWQ5NjIwLTRkM2UtNDEwYi05MTUyLWZkMWNmNmNmNzI5YSJ9
90;2021;Junio;6;750;NA;3;7;15;29;NA;696;NA;https://app.powerbi.com/view?r=eyJrIjoiOWI4ZDFmOGItYWQzMy00MWI1LTk3NWUtMmM5MTliZTgzMGM4IiwidCI6ImUxMWQ5NjIwLTRkM2UtNDEwYi05MTUyLWZkMWNmNmNmNzI5YSJ9
91;2021;Julio;7;2315;NA;11;44;1212;141;NA;907;NA;https://app.powerbi.com/view?r=eyJrIjoiOWI4ZDFmOGItYWQzMy00MWI1LTk3NWUtMmM5MTliZTgzMGM4IiwidCI6ImUxMWQ5NjIwLTRkM2UtNDEwYi05MTUyLWZkMWNmNmNmNzI5YSJ9
92;2021;Agosto;8;1895;NA;NA;NA;1237;69;NA;589;NA;https://app.powerbi.com/view?r=eyJrIjoiOWI4ZDFmOGItYWQzMy00MWI1LTk3NWUtMmM5MTliZTgzMGM4IiwidCI6ImUxMWQ5NjIwLTRkM2UtNDEwYi05MTUyLWZkMWNmNmNmNzI5YSJ9
93;2021;Septiembre;9;1834;NA;2;4;1435;36;NA;357;NA;https://app.powerbi.com/view?r=eyJrIjoiOWI4ZDFmOGItYWQzMy00MWI1LTk3NWUtMmM5MTliZTgzMGM4IiwidCI6ImUxMWQ5NjIwLTRkM2UtNDEwYi05MTUyLWZkMWNmNmNmNzI5YSJ9
94;2021;Octubre;10;1984;NA;NA;12;1486;71;NA;415;NA;https://app.powerbi.com/view?r=eyJrIjoiOWI4ZDFmOGItYWQzMy00MWI1LTk3NWUtMmM5MTliZTgzMGM4IiwidCI6ImUxMWQ5NjIwLTRkM2UtNDEwYi05MTUyLWZkMWNmNmNmNzI5YSJ9
95;2021;Noviembre;11;1627;NA;3;59;1144;NA;NA;421;NA;https://app.powerbi.com/view?r=eyJrIjoiOWI4ZDFmOGItYWQzMy00MWI1LTk3NWUtMmM5MTliZTgzMGM4IiwidCI6ImUxMWQ5NjIwLTRkM2UtNDEwYi05MTUyLWZkMWNmNmNmNzI5YSJ9
96;2021;Diciembre;12;1054;NA;NA;23;84;NA;NA;947;NA;https://app.powerbi.com/view?r=eyJrIjoiOWI4ZDFmOGItYWQzMy00MWI1LTk3NWUtMmM5MTliZTgzMGM4IiwidCI6ImUxMWQ5NjIwLTRkM2UtNDEwYi05MTUyLWZkMWNmNmNmNzI5YSJ9
97;2022;Enero;1;1766;NA;NA;81;60;7;NA;1618;NA;https://app.powerbi.com/view?r=eyJrIjoiOWI4ZDFmOGItYWQzMy00MWI1LTk3NWUtMmM5MTliZTgzMGM4IiwidCI6ImUxMWQ5NjIwLTRkM2UtNDEwYi05MTUyLWZkMWNmNmNmNzI5YSJ9
98;2022;Febrero;2;2430;NA;NA;258;203;2;NA;1967;NA;https://app.powerbi.com/view?r=eyJrIjoiOWI4ZDFmOGItYWQzMy00MWI1LTk3NWUtMmM5MTliZTgzMGM4IiwidCI6ImUxMWQ5NjIwLTRkM2UtNDEwYi05MTUyLWZkMWNmNmNmNzI5YSJ9
99;2022;Marzo;3;8921;NA;231;5537;406;12;NA;2735;NA;https://app.powerbi.com/view?r=eyJrIjoiOWI4ZDFmOGItYWQzMy00MWI1LTk3NWUtMmM5MTliZTgzMGM4IiwidCI6ImUxMWQ5NjIwLTRkM2UtNDEwYi05MTUyLWZkMWNmNmNmNzI5YSJ9
100;2022;Abril;4;12971;NA;3275;7932;45;4;NA;1715;NA;https://app.powerbi.com/view?r=eyJrIjoiOWI4ZDFmOGItYWQzMy00MWI1LTk3NWUtMmM5MTliZTgzMGM4IiwidCI6ImUxMWQ5NjIwLTRkM2UtNDEwYi05MTUyLWZkMWNmNmNmNzI5YSJ9
101;2022;Mayo;5;13224;NA;4275;7278;77;9;NA;1585;NA;https://app.powerbi.com/view?r=eyJrIjoiOWI4ZDFmOGItYWQzMy00MWI1LTk3NWUtMmM5MTliZTgzMGM4IiwidCI6ImUxMWQ5NjIwLTRkM2UtNDEwYi05MTUyLWZkMWNmNmNmNzI5YSJ9
102;2022;Junio;6;14963;NA;5961;6667;21;116;NA;2198;NA;https://app.powerbi.com/view?r=eyJrIjoiOWI4ZDFmOGItYWQzMy00MWI1LTk3NWUtMmM5MTliZTgzMGM4IiwidCI6ImUxMWQ5NjIwLTRkM2UtNDEwYi05MTUyLWZkMWNmNmNmNzI5YSJ9
103;2022;Julio;7;11895;NA;5726;3769;70;40;NA;2290;NA;https://app.powerbi.com/view?r=eyJrIjoiOWI4ZDFmOGItYWQzMy00MWI1LTk3NWUtMmM5MTliZTgzMGM4IiwidCI6ImUxMWQ5NjIwLTRkM2UtNDEwYi05MTUyLWZkMWNmNmNmNzI5YSJ9
104;2022;Agosto;8;22661;NA;6986;10497;83;2;NA;5093;NA;https://app.powerbi.com/view?r=eyJrIjoiOWI4ZDFmOGItYWQzMy00MWI1LTk3NWUtMmM5MTliZTgzMGM4IiwidCI6ImUxMWQ5NjIwLTRkM2UtNDEwYi05MTUyLWZkMWNmNmNmNzI5YSJ9
105;2022;Septiembre;9;21594;NA;5189;8681;1110;;NA;6614;NA;https://app.powerbi.com/view?r=eyJrIjoiOWI4ZDFmOGItYWQzMy00MWI1LTk3NWUtMmM5MTliZTgzMGM4IiwidCI6ImUxMWQ5NjIwLTRkM2UtNDEwYi05MTUyLWZkMWNmNmNmNzI5YSJ9
106;2022;Octubre;10;30775;NA;9063;13153;1037;1;NA;7532;NA;https://app.powerbi.com/view?r=eyJrIjoiOWI4ZDFmOGItYWQzMy00MWI1LTk3NWUtMmM5MTliZTgzMGM4IiwidCI6ImUxMWQ5NjIwLTRkM2UtNDEwYi05MTUyLWZkMWNmNmNmNzI5YSJ9
107;2022;Noviembre;11;25140;NA;9264;8273;1300;54;NA;6359;NA;https://app.powerbi.com/view?r=eyJrIjoiOWI4ZDFmOGItYWQzMy00MWI1LTk3NWUtMmM5MTliZTgzMGM4IiwidCI6ImUxMWQ5NjIwLTRkM2UtNDEwYi05MTUyLWZkMWNmNmNmNzI5YSJ9
108;2022;Diciembre;12;22518;NA;9045;8368;107;NA;NA;5059;NA;https://app.powerbi.com/view?r=eyJrIjoiOWI4ZDFmOGItYWQzMy00MWI1LTk3NWUtMmM5MTliZTgzMGM4IiwidCI6ImUxMWQ5NjIwLTRkM2UtNDEwYi05MTUyLWZkMWNmNmNmNzI5YSJ9
109;2023;Enero;1;18879;NA;10422;6415;13;3;NA;2029;NA;https://app.powerbi.com/view?r=eyJrIjoiOWI4ZDFmOGItYWQzMy00MWI1LTk3NWUtMmM5MTliZTgzMGM4IiwidCI6ImUxMWQ5NjIwLTRkM2UtNDEwYi05MTUyLWZkMWNmNmNmNzI5YSJ9
110;2023;Febrero;2;20051;NA;11070;6558;47;7;NA;1762;607;https://app.powerbi.com/view?r=eyJrIjoiOWI4ZDFmOGItYWQzMy00MWI1LTk3NWUtMmM5MTliZTgzMGM4IiwidCI6ImUxMWQ5NjIwLTRkM2UtNDEwYi05MTUyLWZkMWNmNmNmNzI5YSJ9
111;2023;Marzo;3;21599;NA;8273;6615;24;9;NA;2142;4536;https://app.powerbi.com/view?r=eyJrIjoiOWI4ZDFmOGItYWQzMy00MWI1LTk3NWUtMmM5MTliZTgzMGM4IiwidCI6ImUxMWQ5NjIwLTRkM2UtNDEwYi05MTUyLWZkMWNmNmNmNzI5YSJ9
112;2023;Abril;4;22878;NA;8059;7210;17;0;NA;2186;5406;https://app.powerbi.com/view?r=eyJrIjoiOWI4ZDFmOGItYWQzMy00MWI1LTk3NWUtMmM5MTliZTgzMGM4IiwidCI6ImUxMWQ5NjIwLTRkM2UtNDEwYi05MTUyLWZkMWNmNmNmNzI5YSJ9
113;2023;Mayo;5;25326;NA;8698;6257;31;1;NA;2780;7559;https://app.powerbi.com/view?r=eyJrIjoiOWI4ZDFmOGItYWQzMy00MWI1LTk3NWUtMmM5MTliZTgzMGM4IiwidCI6ImUxMWQ5NjIwLTRkM2UtNDEwYi05MTUyLWZkMWNmNmNmNzI5YSJ9
114;2023;Junio;6;26757;NA;6631;8296;3;3;NA;1475;10349;https://app.powerbi.com/view?r=eyJrIjoiOWI4ZDFmOGItYWQzMy00MWI1LTk3NWUtMmM5MTliZTgzMGM4IiwidCI6ImUxMWQ5NjIwLTRkM2UtNDEwYi05MTUyLWZkMWNmNmNmNzI5YSJ9
115;2023;Julio;7;48953;NA;NA;NA;NA;NA;NA;NA;NA;https://app.powerbi.com/view?r=eyJrIjoiOWI4ZDFmOGItYWQzMy00MWI1LTk3NWUtMmM5MTliZTgzMGM4IiwidCI6ImUxMWQ5NjIwLTRkM2UtNDEwYi05MTUyLWZkMWNmNmNmNzI5YSJ9
116;2023;Agosto;8;65526;NA;NA;NA;NA;NA;NA;NA;NA;https://app.powerbi.com/view?r=eyJrIjoiOWI4ZDFmOGItYWQzMy00MWI1LTk3NWUtMmM5MTliZTgzMGM4IiwidCI6ImUxMWQ5NjIwLTRkM2UtNDEwYi05MTUyLWZkMWNmNmNmNzI5YSJ9
117;2023;Septiembre;9;68194;NA;NA;NA;NA;NA;NA;NA;NA;https://app.powerbi.com/view?r=eyJrIjoiOWI4ZDFmOGItYWQzMy00MWI1LTk3NWUtMmM5MTliZTgzMGM4IiwidCI6ImUxMWQ5NjIwLTRkM2UtNDEwYi05MTUyLWZkMWNmNmNmNzI5YSJ9
